/*
 Navicat Premium Data Transfer

 Source Server         : 47.114.163.230
 Source Server Type    : MySQL
 Source Server Version : 50734
 Source Host           : 47.114.163.230:3306
 Source Schema         : docadmin

 Target Server Type    : MySQL
 Target Server Version : 50734
 File Encoding         : 65001

 Date: 14/10/2021 18:24:20
*/

SET NAMES utf8mb4;
SET FOREIGN_KEY_CHECKS = 0;

-- ----------------------------
-- Table structure for jwtuser
-- ----------------------------
DROP TABLE IF EXISTS `jwtuser`;
CREATE TABLE `jwtuser`  (
  `userid` int(11) NOT NULL AUTO_INCREMENT,
  `username` varchar(32) CHARACTER SET utf8 COLLATE utf8_general_ci NOT NULL,
  `password` varchar(256) CHARACTER SET utf8 COLLATE utf8_general_ci NOT NULL,
  `realname` varchar(32) CHARACTER SET utf8 COLLATE utf8_general_ci NULL DEFAULT NULL,
  `desc` varchar(256) CHARACTER SET utf8 COLLATE utf8_general_ci NULL DEFAULT NULL,
  `token` varchar(256) CHARACTER SET utf8 COLLATE utf8_general_ci NULL DEFAULT NULL,
  `enabled` tinyint(1) NOT NULL,
  `locked` tinyint(1) NOT NULL,
  PRIMARY KEY (`userid`) USING BTREE
) ENGINE = InnoDB AUTO_INCREMENT = 3 CHARACTER SET = utf8 COLLATE = utf8_general_ci ROW_FORMAT = Dynamic;

-- ----------------------------
-- Records of jwtuser
-- ----------------------------
INSERT INTO `jwtuser` VALUES (1, 'vben', '$2a$10$p3ohGj3blVOlIPA9UltCM.gyuupVGb6SIv.aKiFwpHw7O7o2AgiMa', 'vben', 'vben用户', '', 1, 0);
INSERT INTO `jwtuser` VALUES (2, 'user', '$2a$10$Gc1B.767f4pEi35JpzJlmutNxNbCaqiqI9Vie2W8G9/adfZ9RkIXu', 'user', 'user用户', NULL, 1, 0);

-- ----------------------------
-- Table structure for jwtuser_role
-- ----------------------------
DROP TABLE IF EXISTS `jwtuser_role`;
CREATE TABLE `jwtuser_role`  (
  `id` int(11) NOT NULL AUTO_INCREMENT,
  `uid` int(11) NOT NULL,
  `rid` int(11) NOT NULL,
  PRIMARY KEY (`id`) USING BTREE
) ENGINE = InnoDB AUTO_INCREMENT = 5 CHARACTER SET = utf8 COLLATE = utf8_general_ci ROW_FORMAT = Dynamic;

-- ----------------------------
-- Records of jwtuser_role
-- ----------------------------
INSERT INTO `jwtuser_role` VALUES (1, 1, 1);
INSERT INTO `jwtuser_role` VALUES (2, 2, 2);
INSERT INTO `jwtuser_role` VALUES (3, 1, 3);
INSERT INTO `jwtuser_role` VALUES (4, 2, 3);

-- ----------------------------
-- Table structure for menu
-- ----------------------------
DROP TABLE IF EXISTS `menu`;
CREATE TABLE `menu`  (
  `id` int(11) NOT NULL AUTO_INCREMENT,
  `pattern` varchar(128) CHARACTER SET utf8 COLLATE utf8_general_ci NOT NULL,
  `desc` varchar(64) CHARACTER SET utf8 COLLATE utf8_general_ci NULL DEFAULT NULL,
  `routeid` int(11) NULL DEFAULT NULL,
  PRIMARY KEY (`id`) USING BTREE
) ENGINE = InnoDB AUTO_INCREMENT = 11 CHARACTER SET = utf8 COLLATE = utf8_general_ci ROW_FORMAT = Dynamic;

-- ----------------------------
-- Records of menu
-- ----------------------------
INSERT INTO `menu` VALUES (1, '/dashboard/**', 'Dashboard', 1);
INSERT INTO `menu` VALUES (2, '/demo/**', '用户表单', 6);
INSERT INTO `menu` VALUES (3, '/demo/simple/**', '添加用户', 7);
INSERT INTO `menu` VALUES (4, '/demo/query/**', '查询、修改用户', 9);
INSERT INTO `menu` VALUES (5, '/demo/upload/**', '上传文件', 8);
INSERT INTO `menu` VALUES (6, '/demo/ws/**', 'websocket功能', 10);
INSERT INTO `menu` VALUES (7, '/about/**', '关于', 3);
INSERT INTO `menu` VALUES (8, '/getMenuListById*', '加载菜单', 0);
INSERT INTO `menu` VALUES (9, '/task/**', '任务中心', 12);
INSERT INTO `menu` VALUES (10, '/task/submit/**', '任务提交', 15);

-- ----------------------------
-- Table structure for menu_role
-- ----------------------------
DROP TABLE IF EXISTS `menu_role`;
CREATE TABLE `menu_role`  (
  `id` int(11) NOT NULL AUTO_INCREMENT,
  `mid` int(11) NOT NULL,
  `rid` int(11) NOT NULL,
  PRIMARY KEY (`id`) USING BTREE
) ENGINE = InnoDB AUTO_INCREMENT = 14 CHARACTER SET = utf8 COLLATE = utf8_general_ci ROW_FORMAT = Dynamic;

-- ----------------------------
-- Records of menu_role
-- ----------------------------
INSERT INTO `menu_role` VALUES (1, 1, 1);
INSERT INTO `menu_role` VALUES (2, 9, 1);
INSERT INTO `menu_role` VALUES (3, 1, 2);
INSERT INTO `menu_role` VALUES (4, 4, 2);
INSERT INTO `menu_role` VALUES (5, 2, 1);
INSERT INTO `menu_role` VALUES (6, 5, 2);
INSERT INTO `menu_role` VALUES (8, 6, 2);
INSERT INTO `menu_role` VALUES (9, 8, 3);
INSERT INTO `menu_role` VALUES (10, 6, 3);
INSERT INTO `menu_role` VALUES (11, 9, 3);

-- ----------------------------
-- Table structure for meta
-- ----------------------------
DROP TABLE IF EXISTS `meta`;
CREATE TABLE `meta`  (
  `id` int(11) NOT NULL AUTO_INCREMENT,
  `title` varchar(64) CHARACTER SET utf8 COLLATE utf8_general_ci NOT NULL,
  `affix` tinyint(1) NOT NULL DEFAULT 0,
  `icon` varchar(64) CHARACTER SET utf8 COLLATE utf8_general_ci NOT NULL,
  PRIMARY KEY (`id`) USING BTREE
) ENGINE = InnoDB AUTO_INCREMENT = 16 CHARACTER SET = utf8 COLLATE = utf8_general_ci ROW_FORMAT = Dynamic;

-- ----------------------------
-- Records of meta
-- ----------------------------
INSERT INTO `meta` VALUES (1, 'routes.dashboard.dashboard', 0, 'ion:grid-outline');
INSERT INTO `meta` VALUES (2, 'routes.dashboard.analysis', 0, '');
INSERT INTO `meta` VALUES (3, 'routes.dashboard.about', 0, 'simple-icons:about-dot-me');
INSERT INTO `meta` VALUES (4, 'routes.dashboard.about', 0, 'simple-icons:about-dot-me');
INSERT INTO `meta` VALUES (5, 'routes.dashboard.workbench', 0, '');
INSERT INTO `meta` VALUES (6, 'routes.app.demo.LearningCorner.user', 0, 'ion:code-slash');
INSERT INTO `meta` VALUES (7, 'routes.app.demo.LearningCorner.adduser', 0, 'ant-design:user-add-outlined');
INSERT INTO `meta` VALUES (8, 'routes.app.demo.LearningCorner.upload', 0, 'ant-design:cloud-upload-outlined');
INSERT INTO `meta` VALUES (9, 'routes.app.demo.LearningCorner.query', 0, 'ant-design:idcard-filled');
INSERT INTO `meta` VALUES (10, 'routes.app.demo.LearningCorner.ws', 0, 'ant-design:comment-outlined');
INSERT INTO `meta` VALUES (11, 'routes.app.demo.LearningCorner.download', 0, 'ant-design:cloud-download-outlined');
INSERT INTO `meta` VALUES (12, 'routes.app.task.task.title', 0, 'ant-design:reconciliation-filled');
INSERT INTO `meta` VALUES (13, 'routes.app.task.task.list', 0, 'ant-design:read-outlined');
INSERT INTO `meta` VALUES (14, 'routes.app.task.task.release', 0, 'ant-design:container-twotone');
INSERT INTO `meta` VALUES (15, 'routes.app.task.task.submit', 0, 'ant-design:container-twotone');

-- ----------------------------
-- Table structure for qita
-- ----------------------------
DROP TABLE IF EXISTS `qita`;
CREATE TABLE `qita`  (
  `name` varchar(100) CHARACTER SET utf8 COLLATE utf8_general_ci NULL DEFAULT NULL,
  `data` int(11) NULL DEFAULT NULL
) ENGINE = InnoDB CHARACTER SET = utf8 COLLATE = utf8_general_ci ROW_FORMAT = Dynamic;

-- ----------------------------
-- Records of qita
-- ----------------------------
INSERT INTO `qita` VALUES ('搜索引擎', 50);
INSERT INTO `qita` VALUES ('直接访问', 735);
INSERT INTO `qita` VALUES ('邮件营销', 580);
INSERT INTO `qita` VALUES ('联盟广告', 484);
INSERT INTO `qita` VALUES ('视频广告', 300);

-- ----------------------------
-- Table structure for renlian
-- ----------------------------
DROP TABLE IF EXISTS `renlian`;
CREATE TABLE `renlian`  (
  `ID` int(11) NOT NULL AUTO_INCREMENT,
  `FaceTZ` blob NOT NULL,
  PRIMARY KEY (`ID`) USING BTREE
) ENGINE = InnoDB AUTO_INCREMENT = 2 CHARACTER SET = utf8 COLLATE = utf8_general_ci ROW_FORMAT = Dynamic;

-- ----------------------------
-- Records of renlian
-- ----------------------------
INSERT INTO `renlian` VALUES (1, 0x302C202D3132382C202D362C2036382C20302C20302C202D39362C2036352C2033382C2037312C202D38322C202D36372C202D35302C2035302C2033322C2036312C2039302C202D34312C2033312C2036322C20392C2033342C202D35302C2036312C202D33312C202D34352C2037302C2036302C203130342C202D39312C2039312C202D36372C202D32302C202D38322C202D372C202D36382C202D32362C20302C2039362C202D36382C2034362C202D38372C2037352C202D36372C2037332C202D39352C2036302C2036312C202D32372C203131392C2039332C202D36372C202D39372C202D37392C202D36312C2036302C203130392C202D32352C202D39352C202D36372C202D372C2039362C202D3132322C202D36372C2033332C202D32362C202D35362C2035392C2033322C2037332C2038322C2036312C2038322C20332C202D38302C2036302C202D34362C202D35352C2033342C202D36372C2036342C202D39372C2034302C202D36382C2031302C2036322C2034392C2036302C2033342C202D3131302C202D38352C202D36372C202D31322C202D36372C202D31322C2036312C203131392C202D36302C202D38332C202D36372C2035322C202D38342C202D38302C2035392C202D33372C202D35362C2032322C202D36382C202D3132362C202D35352C2038392C202D37302C2033322C203131322C202D39312C2036302C2033322C202D36382C2034362C2036312C202D33382C202D33352C2039322C202D36372C202D31392C2031322C202D32302C2036302C202D3130342C202D39372C202D3130312C2036312C2038392C20352C2038392C2036312C202D39312C2038352C202D33392C202D36382C2037322C20302C203132322C2036302C202D33382C2034372C202D34332C202D36372C202D36342C202D34332C202D33352C202D36382C202D32352C2033332C2031352C2036322C202D3130342C2034372C2032382C202D36362C203132362C202D3131362C2031302C2036312C2037302C2037332C202D34342C202D36372C202D36312C202D36362C2035372C2036312C202D31312C20322C2036382C202D36372C203130372C203130372C2034322C2036302C202D3131322C202D37382C202D36392C2036312C203130302C2031362C202D36342C2036302C202D322C202D39382C2037302C202D37302C202D39372C2037322C2037372C2036302C202D33322C2033302C2031392C202D36372C202D34372C2039332C202D36372C2036312C2037352C2034312C20382C202D36362C202D32382C202D3131352C2035372C202D36372C2038372C2035372C2031342C2036322C202D32372C202D33312C2032312C2035392C2034392C202D36382C202D3130382C2036312C2035372C2038342C2033382C202D36382C2031332C202D34392C2035362C202D36382C203132332C2031332C202D38322C2036312C202D32312C202D322C2031302C2036312C202D39332C202D3131382C2039392C2036312C2036322C202D32352C202D35382C202D36372C202D39322C202D38382C202D3131362C202D36372C202D32322C202D362C202D34322C202D36382C203132332C203131342C202D38352C202D36392C2034372C202D39322C203131302C2036302C2038342C2032392C203130392C202D36382C2034372C203132302C20392C202D36372C2034352C202D3132352C202D32332C202D36372C2035322C203131382C20342C202D36382C203130382C203132362C2035362C202D36362C2031362C202D332C202D35302C2035392C2031392C2031352C2034372C202D36372C202D3132302C2033312C2035362C202D36372C203131332C2039332C202D36332C2036302C203131312C202D31362C2034382C202D36372C2039342C202D32352C202D36332C202D36392C2037392C2032312C202D32302C2035392C202D32302C202D36322C202D34332C202D36382C202D34342C20382C202D39362C2036312C202D3132342C202D312C2034362C202D36372C2037302C202D3131322C202D32362C2036312C2034342C202D36322C2034392C202D36372C2037352C202D322C202D39372C2036302C202D32312C2034302C202D33332C2036302C203131362C202D3131342C202D3132362C2036312C202D39352C202D3132372C202D39312C202D36372C202D39312C2031312C202D3130302C2036312C20342C203132322C202D34382C202D36372C202D38322C202D3130332C202D35362C2036302C202D3131312C20312C20312C2036312C2031372C2034342C2039362C2036302C202D38392C202D34332C203131342C2036312C20382C202D34392C202D35352C202D36382C203130362C202D3130392C2034352C202D36372C202D38312C2039352C2037312C202D36392C2034322C202D3130302C202D37382C2036312C2039322C2036352C2036312C202D36372C202D31322C202D38362C202D34372C202D36372C2034312C2036332C2034322C2036312C202D31342C2033322C2039362C2036302C2036382C202D3131342C202D3131302C202D36382C2033372C202D3132352C2039342C202D36372C203130372C2036332C2034342C2036312C2035382C202D31362C20392C202D36372C202D32382C2033332C202D39342C2036302C202D36372C2038332C202D35372C202D37302C202D31362C2034352C2039302C202D36372C202D372C202D38332C202D37382C2036302C202D36352C2036362C202D3130382C2036312C202D3132312C2035332C202D35372C202D36392C202D33342C2033352C203131382C202D36372C20332C2031322C202D37302C2036312C202D3131352C202D33312C202D3130312C202D36382C202D33382C2037302C2032362C202D36372C202D3131302C203130332C202D37342C202D36392C202D34352C202D32332C202D38312C202D36372C2035392C202D37312C20322C202D36382C20342C202D38352C2035372C202D36382C202D3132342C202D3132342C2032322C202D36372C202D34312C202D3132352C202D3132302C2036312C202D3131332C2032372C202D36392C2036312C202D3131332C2034372C20302C202D36372C203131392C2038312C203130392C202D36372C2031382C203130362C2033342C202D36362C202D37372C2031322C202D332C202D36392C20372C2036352C202D38322C2036302C2036302C202D37332C202D3132362C202D36372C20382C2034352C202D38352C202D36382C203132312C202D33332C2036362C2036302C203132352C202D342C2038352C2036312C2036352C202D38372C2032392C2036312C2034302C2038332C2036392C202D36372C2035392C2035372C202D34342C202D36382C202D34312C20322C2035352C202D36372C2035332C202D36362C202D3130382C2036312C2032382C20362C203132332C2036312C202D38312C202D35342C203131382C2036312C203131342C203131312C2039392C2036302C2037352C2032352C2034332C202D36372C202D33322C203131332C202D34392C2036302C202D33382C203131382C2034322C2036312C202D33372C202D33302C2034362C2036312C202D3131382C202D3131392C202D38322C2036312C202D34342C202D332C202D34312C202D36382C2035372C202D38322C2039392C2036312C202D36362C2039342C202D34342C2036312C2036312C203130332C202D38312C202D36372C203131302C2034352C2034302C202D36372C2032392C202D33312C202D36372C202D36382C203131322C202D38372C202D35302C202D36382C202D31352C202D3130382C202D3131352C2036312C203130392C2037342C202D3131302C2036312C202D36382C2038382C2031332C2036312C202D36352C202D37332C2036382C2036312C202D34362C203130362C202D3131332C202D36392C20392C2039342C203131372C2036312C203131332C202D36372C2031362C202D36362C202D3131392C2038332C2036342C202D36372C2031342C203130362C203130352C2036302C202D31312C202D3130372C202D3130372C2036312C20352C202D38332C202D33382C2036302C202D3132312C203132302C202D31312C2036302C20362C203132342C202D38382C2036312C2031362C202D34302C203130382C202D36382C202D33322C2033322C202D31342C202D36382C202D3131302C20372C2032322C2036312C203132322C203132372C202D3131382C2036312C203130382C202D3130392C2038322C2036312C202D37362C202D3130312C20322C202D36372C202D34382C202D37312C202D34392C2036312C20342C202D34392C202D36382C2036312C203131362C2036392C2034362C2036312C202D33342C2032332C203132302C2036312C2037302C202D3130312C2038362C202D36372C202D36362C2039362C202D32372C2036312C2032352C202D36312C202D39372C202D36382C2038312C202D31362C202D31302C202D36372C203130312C2032322C202D3131352C202D36372C2036372C2032382C2035362C202D36362C202D38342C202D3131352C2034342C2036312C202D3131312C203130332C202D33392C202D37302C2032352C2038392C202D38372C2035392C202D32362C2037392C2031332C202D36372C2031372C202D31342C2035302C202D36372C2032312C2037362C2038382C2036312C2039352C2032322C202D34382C2036312C2032302C2036352C202D31382C2036312C202D3131352C202D35302C2033362C202D36382C20362C2038382C2031312C2036312C203131332C202D36352C2033372C202D36372C202D37332C203132362C202D3131322C2036312C203132342C202D31382C20392C202D36392C2033302C202D372C202D38372C2036312C20342C2032302C202D36332C2035392C2038312C202D31302C202D38372C202D36372C202D38322C2036322C20342C202D36372C202D36342C202D3132362C202D38312C202D36382C202D36392C202D3131382C202D3132332C2036312C202D31392C2039382C202D38352C202D36392C203130302C2033302C202D33312C2035392C2039352C203132362C202D39332C202D36372C202D3130382C2036372C202D35382C202D37302C202D36372C202D37322C202D3130312C202D36382C202D37322C202D33302C202D37352C202D36392C202D3131302C202D31352C202D38342C202D37302C2039302C202D3130322C2033352C2036312C202D33352C202D34352C202D34332C202D36372C2034352C202D36382C2033332C2036312C2032322C202D392C202D38382C2036312C2032302C202D39322C2035332C2036302C2038302C2038352C2039352C2036312C202D3130342C203131342C202D3131362C2036312C202D39342C2037312C203131372C202D36382C202D37302C203130332C202D39352C2035382C202D3130352C202D35342C202D31322C202D36372C2033302C202D3130382C20312C2036312C203130322C202D38392C20352C202D36362C202D33322C2037382C2036302C202D36372C202D34312C2035362C202D33332C2036302C202D3130302C202D31302C202D3132372C202D36372C202D32382C202D39322C203131362C202D36372C2034392C2031372C203130302C202D36372C202D332C202D392C2034302C2036312C203130372C203130342C202D37342C2036302C2039392C202D36322C202D32362C202D36392C202D3132352C202D34372C202D31362C2036312C203131362C203132322C202D31302C202D36372C2037302C202D362C2032382C2036312C202D35302C2036312C2039362C2035382C202D35392C2031342C202D37332C2036312C202D3130322C203130372C202D3130382C2035392C20372C202D36322C202D3132362C202D36372C202D3130362C2037362C202D37352C202D36372C202D34372C2033312C2035342C202D36372C202D31302C202D37362C202D352C202D36372C2037312C203132342C202D35302C2036312C2033322C202D36372C20372C2036322C2039372C202D342C2034342C2036312C202D33392C2038312C202D392C202D36372C2033392C2033302C203132302C2036312C2032392C2032322C202D38392C2036302C202D3132322C2038342C2035392C202D36372C2034312C202D3130302C202D32362C2036302C2031352C2031392C202D39332C202D36382C20322C2032352C202D3132372C202D36382C202D3130302C203130302C203131322C202D36372C202D39392C202D31322C203131302C202D36372C2035302C2031332C2038382C2036312C202D39332C202D3131322C202D312C202D36382C202D3131362C2038372C202D34322C202D36372C2036312C202D35322C202D37312C2036312C2036382C2034332C202D34332C202D36382C202D36342C202D37312C2032322C202D36362C2038322C2038332C2038352C202D36372C2037352C202D34392C202D33312C2036302C202D35352C2031392C202D34392C202D37302C203132352C202D31302C202D35322C202D3637);

-- ----------------------------
-- Table structure for role
-- ----------------------------
DROP TABLE IF EXISTS `role`;
CREATE TABLE `role`  (
  `id` int(11) NOT NULL AUTO_INCREMENT,
  `value` varchar(32) CHARACTER SET utf8 COLLATE utf8_general_ci NOT NULL,
  `realname` varchar(32) CHARACTER SET utf8 COLLATE utf8_general_ci NULL DEFAULT NULL,
  PRIMARY KEY (`id`) USING BTREE
) ENGINE = InnoDB AUTO_INCREMENT = 4 CHARACTER SET = utf8 COLLATE = utf8_general_ci ROW_FORMAT = Dynamic;

-- ----------------------------
-- Records of role
-- ----------------------------
INSERT INTO `role` VALUES (1, 'ROLE_admin', '系统管理员');
INSERT INTO `role` VALUES (2, 'ROLE_user', '用户');
INSERT INTO `role` VALUES (3, 'ROLE_ANONYMOUS', '访客');

-- ----------------------------
-- Table structure for route
-- ----------------------------
DROP TABLE IF EXISTS `route`;
CREATE TABLE `route`  (
  `id` int(11) NOT NULL AUTO_INCREMENT,
  `path` varchar(128) CHARACTER SET utf8 COLLATE utf8_general_ci NOT NULL,
  `name` varchar(32) CHARACTER SET utf8 COLLATE utf8_general_ci NOT NULL,
  `component` varchar(128) CHARACTER SET utf8 COLLATE utf8_general_ci NOT NULL,
  `meta` int(11) NULL DEFAULT NULL,
  `redirect` varchar(128) CHARACTER SET utf8 COLLATE utf8_general_ci NULL DEFAULT NULL,
  `parent` int(11) NOT NULL DEFAULT 0,
  PRIMARY KEY (`id`) USING BTREE
) ENGINE = InnoDB AUTO_INCREMENT = 16 CHARACTER SET = utf8 COLLATE = utf8_general_ci ROW_FORMAT = Dynamic;

-- ----------------------------
-- Records of route
-- ----------------------------
INSERT INTO `route` VALUES (1, '/dashboard', 'Dashboard', 'LAYOUT', 1, '/dashboard/analysis', 0);
INSERT INTO `route` VALUES (2, 'analysis', 'Analysis', '/dashboard/analysis/index', 2, NULL, 1);
INSERT INTO `route` VALUES (3, '/about', 'About', 'LAYOUT', 3, '/about/index', -1);
INSERT INTO `route` VALUES (4, 'index', 'AboutPage', '/sys/about/index', 4, NULL, 3);
INSERT INTO `route` VALUES (5, 'workbench', 'workbench', '/dashboard/workbench/index', 5, NULL, 1);
INSERT INTO `route` VALUES (6, '/demo', 'DocManage', 'LAYOUT', 6, '/demo', -3);
INSERT INTO `route` VALUES (7, 'simple', 'index', '/app/demo/user/index', 7, NULL, 6);
INSERT INTO `route` VALUES (8, 'upload', 'UploadDemo', '/app/demo/upload/index', 8, NULL, 6);
INSERT INTO `route` VALUES (9, 'query', 'QueryUser', '/app/demo/user/QueryUserForm', 9, NULL, 6);
INSERT INTO `route` VALUES (10, 'ws', 'WebSocket', '/app/demo/ws/index', 10, NULL, 6);
INSERT INTO `route` VALUES (11, 'download', 'Download', '/app/demo/download/index', 11, NULL, 6);
INSERT INTO `route` VALUES (12, '/task', 'Task', 'LAYOUT', 12, '/task/index', -2);
INSERT INTO `route` VALUES (13, 'index', 'TaskContent', '/app/task/index', 13, NULL, 12);
INSERT INTO `route` VALUES (14, 'release', 'releaseTask', '/app/task/releaseTask', 14, NULL, 12);
INSERT INTO `route` VALUES (15, 'submit', 'Tasksubmit', '/app/task/tasksub', 15, NULL, 12);

-- ----------------------------
-- Table structure for task
-- ----------------------------
DROP TABLE IF EXISTS `task`;
CREATE TABLE `task`  (
  `id` varchar(255) CHARACTER SET utf8 COLLATE utf8_general_ci NOT NULL COMMENT '任务编号',
  `title` text CHARACTER SET utf8 COLLATE utf8_general_ci NOT NULL COMMENT '任务标题',
  `sketch` text CHARACTER SET utf8 COLLATE utf8_general_ci NOT NULL COMMENT '任务简述',
  `content` text CHARACTER SET utf8 COLLATE utf8_general_ci NULL COMMENT '任务内容',
  `jrid` varchar(255) CHARACTER SET utf8 COLLATE utf8_general_ci NULL DEFAULT NULL COMMENT '任务发起人',
  `jsuser` varchar(255) CHARACTER SET utf8 COLLATE utf8_general_ci NOT NULL COMMENT '任务接受人',
  PRIMARY KEY (`id`) USING BTREE
) ENGINE = InnoDB CHARACTER SET = utf8 COLLATE = utf8_general_ci ROW_FORMAT = Dynamic;

-- ----------------------------
-- Records of task
-- ----------------------------
INSERT INTO `task` VALUES ('1', '测试', '测试简述', '测试内容', 'vben', 'vben,user');
INSERT INTO `task` VALUES ('1623825549705', '中国共产党第十九届中央委员会第五次全体会议公报', '你你你你你你你你你你你你你', '你你你你你你你你你你你你你', 'vben', 'vben,user');
INSERT INTO `task` VALUES ('1623825599839', '中国共产党第十九届中央委员会第五次全体会议公报', '144444444444', 'ssssssssssss', 'vben', 'vben,user');
INSERT INTO `task` VALUES ('1623828138875', '关于廉洁过好“元旦”“春节”的通知', 'asdsadas', 'asdsadas', 'vben', 'vben,user');
INSERT INTO `task` VALUES ('202106151190423', 'cece', 'csecse', 'asdasd', 'vben', 'vben,user');

-- ----------------------------
-- Table structure for task_sub
-- ----------------------------
DROP TABLE IF EXISTS `task_sub`;
CREATE TABLE `task_sub`  (
  `id` int(11) NOT NULL AUTO_INCREMENT,
  `tid` varchar(255) CHARACTER SET utf8 COLLATE utf8_general_ci NOT NULL COMMENT '任务id',
  `jrid` varchar(255) CHARACTER SET utf8 COLLATE utf8_general_ci NOT NULL COMMENT '提交者id',
  `content` text CHARACTER SET utf8 COLLATE utf8_general_ci NOT NULL COMMENT '提交内容',
  `sub_time` datetime NOT NULL COMMENT '提交时间',
  PRIMARY KEY (`id`) USING BTREE
) ENGINE = InnoDB AUTO_INCREMENT = 7 CHARACTER SET = utf8 COLLATE = utf8_general_ci ROW_FORMAT = Dynamic;

-- ----------------------------
-- Records of task_sub
-- ----------------------------
INSERT INTO `task_sub` VALUES (1, '1', '1', '奥术大师多撒多', '2021-06-12 20:24:31');
INSERT INTO `task_sub` VALUES (2, '1', '2', '奥术大师多撒多xasd', '2021-06-12 20:25:31');
INSERT INTO `task_sub` VALUES (3, '202106151190423', 'vben', 'asdadsada', '2001-06-15 18:28:07');
INSERT INTO `task_sub` VALUES (4, '1623828138875', 'vben', '士大夫', '2001-06-16 15:50:47');
INSERT INTO `task_sub` VALUES (5, '1623828138875', 'vben', '奥德赛法国红酒克鲁赛德法国红酒', '2001-06-16 15:59:21');
INSERT INTO `task_sub` VALUES (6, '1623828138875', 'vben', 'asdadas', '2001-06-16 18:58:42');

-- ----------------------------
-- Table structure for task_user
-- ----------------------------
DROP TABLE IF EXISTS `task_user`;
CREATE TABLE `task_user`  (
  `id` int(11) NOT NULL AUTO_INCREMENT,
  `tid` varchar(255) CHARACTER SET utf8 COLLATE utf8_general_ci NOT NULL COMMENT '任务编号',
  `jrid` varchar(11) CHARACTER SET utf8 COLLATE utf8_general_ci NOT NULL COMMENT '任务接收者',
  `status` tinyint(4) NOT NULL COMMENT '任务状态，0待提交，1待审核，2审核通过，3审核失败',
  PRIMARY KEY (`id`) USING BTREE
) ENGINE = InnoDB AUTO_INCREMENT = 20 CHARACTER SET = utf8 COLLATE = utf8_general_ci ROW_FORMAT = Dynamic;

-- ----------------------------
-- Records of task_user
-- ----------------------------
INSERT INTO `task_user` VALUES (1, '1', 'vben', 0);
INSERT INTO `task_user` VALUES (2, '1', '2', 0);
INSERT INTO `task_user` VALUES (12, '202106151190423', 'vben', 1);
INSERT INTO `task_user` VALUES (13, '202106151190423', 'user', 0);
INSERT INTO `task_user` VALUES (14, '1623825549705', 'vben', 0);
INSERT INTO `task_user` VALUES (15, '1623825549705', 'user', 0);
INSERT INTO `task_user` VALUES (16, '1623825599839', 'vben', 0);
INSERT INTO `task_user` VALUES (17, '1623825599839', 'user', 0);
INSERT INTO `task_user` VALUES (18, '1623828138875', 'vben', 1);

-- ----------------------------
-- Table structure for user
-- ----------------------------
DROP TABLE IF EXISTS `user`;
CREATE TABLE `user`  (
  `id` varchar(18) CHARACTER SET utf8 COLLATE utf8_general_ci NOT NULL,
  `name` varchar(64) CHARACTER SET utf8 COLLATE utf8_general_ci NOT NULL,
  `gender` smallint(6) NOT NULL,
  `nation` varchar(32) CHARACTER SET utf8 COLLATE utf8_general_ci NOT NULL,
  `birthday` date NOT NULL,
  `email` varchar(64) CHARACTER SET utf8 COLLATE utf8_general_ci NOT NULL,
  `qq` varchar(32) CHARACTER SET utf8 COLLATE utf8_general_ci NOT NULL,
  `mobile` varchar(32) CHARACTER SET utf8 COLLATE utf8_general_ci NOT NULL,
  `wechat` varchar(32) CHARACTER SET utf8 COLLATE utf8_general_ci NOT NULL,
  `speciality` varchar(128) CHARACTER SET utf8 COLLATE utf8_general_ci NOT NULL,
  PRIMARY KEY (`id`) USING BTREE
) ENGINE = InnoDB CHARACTER SET = utf8 COLLATE = utf8_general_ci ROW_FORMAT = Dynamic;

-- ----------------------------
-- Records of user
-- ----------------------------
INSERT INTO `user` VALUES ('1115', '微信小程序', 1, '汉族', '2001-06-15', '719542269@qq.com', '阿萨德', '13515733995', 'xh11256xh', '大赛');
INSERT INTO `user` VALUES ('111555', '微信小程序', 1, '汉族', '2001-06-15', '719542269@qq.com', '阿萨德', '13515733995', 'xh11256xh', '大赛');
INSERT INTO `user` VALUES ('1214', '123', 1, '汉族', '2001-06-16', '3623162358@qq.com', '1014778663', '13515733995', '2', '111');
INSERT INTO `user` VALUES ('450422200003042813', '陈炎辉', 1, '1', '2021-05-10', '1014778663@qq.com', '1014778663', '13515733995', 'xh11256xh', 's');
INSERT INTO `user` VALUES ('阿松大', '自行车', 0, '汉族', '2001-06-16', '五七二', 'a撒旦大苏打', '阿松大a', '阿松大啊额我', '阿萨大大');

-- ----------------------------
-- Table structure for zhexian
-- ----------------------------
DROP TABLE IF EXISTS `zhexian`;
CREATE TABLE `zhexian`  (
  `name` varchar(100) CHARACTER SET utf8 COLLATE utf8_general_ci NULL DEFAULT NULL,
  `data` int(11) NULL DEFAULT NULL
) ENGINE = InnoDB CHARACTER SET = utf8 COLLATE = utf8_general_ci ROW_FORMAT = Dynamic;

-- ----------------------------
-- Records of zhexian
-- ----------------------------
INSERT INTO `zhexian` VALUES ('Mon', 150);
INSERT INTO `zhexian` VALUES ('Tue', 230);
INSERT INTO `zhexian` VALUES ('Wed', 224);
INSERT INTO `zhexian` VALUES ('Thu', 218);
INSERT INTO `zhexian` VALUES ('Fri', 135);
INSERT INTO `zhexian` VALUES ('Sat', 147);
INSERT INTO `zhexian` VALUES ('Sun', 150);

SET FOREIGN_KEY_CHECKS = 1;
